{
	"Sun":{
		"mass_kg" : 1.98847e30,
		"radius_m" : 695700.0e3
	},

	"Earth":{
		"mass_kg" : 5.9722e24,
		"radius_m" : 6378.0e3,
		"J2" : -1.082635854e-3,
		"atm_rot_vec_rad_p_s" : [0.0,0.0,72.9211e-6]
	},

	"Moon":{
		"mass_kg" : 7.34767309e22,
		"radius_m" : 1737.0e3
	}
}